jpg_id,toy
38,Unknown
60,DentalStar
79,Dumbbell
163,Grenade
163,Grenade
164,Grenade
164,Grenade
165,Grenade
165,Grenade
166,Grenade
166,Grenade
176,Kong
177,Kong
178,Kong
179,Kong
180,Kong
199,Grenade
216,Kong
217,Kong
218,Kong
219,Kong
276,Grenade
342,Grenade
352,LuckyCloverChew
352,Unknown
388,MegalastBall
389,MegalastBall
392,MegalastBall
393,MegalastBall
394,MegalastBall
410,MegalastBall
411,MegalastBall
413,Grenade
414,LuckyCloverChew
414,Grenade
415,LuckyCloverChew
415,Grenade
416,LuckyCloverChew
416,Grenade
417,LuckyCloverChew
417,Grenade
442,DentalStar
454,DentalStar
489,Ziggs
490,Ziggs
491,Ziggs
492,BlueFrisbee
493,BlueFrisbee
494,BlueFrisbee
495,BlueFrisbee
496,BlueFrisbee
497,BlueFrisbee
498,BlueFrisbee
499,BlueFrisbee
505,BlueFrisbee
506,BlueFrisbee
507,BlueFrisbee
508,BlueFrisbee
509,BlueFrisbee
510,BlueFrisbee
511,BlueFrisbee
527,Dumbbell
528,Dumbbell
529,Dumbbell
592,Kong
593,Kong
598,Kong
599,Kong
607,Ziggs
618,Ziggs
624,BlueFrisbee
625,Unknown
627,BlueFrisbee
628,BlueFrisbee
629,BlueFrisbee
629,Unknown
630,BlueFrisbee
630,Unknown
631,BlueFrisbee
632,BlueFrisbee
657,BlueFrisbee
658,BlueFrisbee
708,Kong
737,Kong
746,Kong
747,Kong
748,Kong
749,Kong
805,Unknown
812,Grenade
820,Ziggs
832,Ziggs
833,Ziggs
879,DentalKong
938,Unknown
956,Kong
975,Kong
976,Kong
977,Kong
985,Kong
986,Kong
991,Grenade
992,Grenade
993,Ziggs
993,Ziggs
994,Ziggs
995,Ziggs
997,Ziggs
997,Ziggs
998,Ziggs
998,Ziggs
1008,Ziggs
1032,DentalStar
1044,Ziggs
1045,Ziggs
1050,Kong
1051,Kong
1055,Dumbbell
1056,Dumbbell
1057,Dumbbell
1058,Dumbbell
1059,Dumbbell
1060,Dumbbell
1062,LuckyCloverChew
1063,LuckyCloverChew
1068,Dumbbell
1069,Dumbbell
1070,Dumbbell
1072,Dumbbell
1108,LuckyCloverChew
1109,LuckyCloverChew
1110,LuckyCloverChew
1111,LuckyCloverChew
1112,LuckyCloverChew
1371,Ziggs
1372,Ziggs
1468,DentalKong
1468,Ziggs
1468,Ziggs
1468,Grenade
1469,DentalKong
1469,Ziggs
1469,Ziggs
1469,Grenade
1534,Grenade
1535,Grenade
1536,Grenade
1540,DentalKong
1541,DentalKong
1543,Grenade
1563,Grenade
1566,MegalastBall
1567,MegalastBall
1568,MegalastBall
1569,MegalastBall
1570,MegalastBall
1571,MegalastBall
1572,MegalastBall
1573,MegalastBall
1574,MegalastBall
1575,MegalastBall
1584,Grenade
1585,Grenade
1593,Grenade
1594,MegalastBall
1594,Zyro
1595,MegalastBall
1595,Zyro
1596,Grenade
1597,Grenade
1600,Kong
1601,Kong
1602,Kong
1603,Kong
1604,Kong
1605,DentalStar
1605,Grenade
1610,Grenade
1611,Grenade
1628,Kong
1629,Kong
1630,Kong
1631,Kong
1632,Kong
1633,Kong
1634,Kong
1635,Kong
1636,Kong
1672,DentalStar
1673,DentalStar
1673,Kong
1674,DentalStar
1675,DentalStar
1675,Kong
1676,DentalStar
1677,DentalStar
1678,DentalStar
1679,Kong
1680,DentalStar
1680,Kong
1681,DentalStar
1681,Kong
1682,DentalStar
1682,Kong
1683,Kong
1684,Kong
1685,Kong
1686,Kong
1687,Kong
1688,DentalStar
1689,DentalStar
1689,Grenade
1690,DentalStar
1690,Grenade
1691,DentalStar
1691,Grenade
1692,DentalStar
1692,Grenade
1693,DentalStar
1693,Grenade
1694,DentalStar
1694,Grenade
1695,DentalStar
1695,Grenade
1696,DentalStar
1697,DentalStar
1700,Kong
1701,Kong
1702,Kong
1703,Kong
1704,Kong
1705,Kong
1706,Kong
1709,DentalStar
1709,Kong
1710,DentalStar
1710,Kong
1711,DentalStar
1711,Kong
1712,Kong
1713,Kong
1718,Kong
1719,Kong
1720,Kong
1743,Kong
1745,Kong
1759,DentalStar
1759,Kong
1765,Grenade
1766,Grenade
1781,Kong
1781,Grenade
1782,Kong
1782,Grenade
1783,Kong
1783,Grenade
1784,Kong
1784,Grenade
1785,Kong
1785,Grenade
1786,Kong
1786,Grenade
1787,Kong
1787,Grenade
1795,DentalStar
1795,Kong
1796,DentalStar
1796,Kong
1797,DentalStar
1798,DentalStar
1799,DentalStar
1799,Kong
1800,DentalStar
1801,DentalStar
1801,Kong
1802,DentalStar
1802,Kong
1803,DentalStar
1803,Kong
1804,DentalStar
1819,Kong
1820,Kong
1821,Grenade
1822,Grenade
1823,DentalStar
1824,DentalStar
1825,Kong
1826,DentalStar
1826,Kong
1827,DentalStar
1827,Kong
1828,DentalStar
1828,Kong
1829,DentalStar
1829,Kong
1830,DentalStar
1830,Kong
1831,DentalStar
1831,Kong
1832,DentalStar
1832,Kong
1833,DentalStar
1833,Kong
1834,Kong
1835,DentalStar
1835,Kong
1836,DentalStar
1836,Kong
1837,DentalStar
1837,Kong
1838,DentalStar
1838,Kong
1839,DentalStar
1839,Kong
1840,DentalStar
1840,Kong
1841,DentalStar
1841,Kong
1846,Kong
1847,DentalStar
1847,Kong
1848,DentalStar
1848,Kong
1849,DentalStar
1849,Kong
1857,DentalStar
1858,DentalStar
1859,DentalStar
1860,DentalStar
1861,DentalStar
1862,DentalStar
1863,DentalStar
1864,DentalStar
1865,DentalStar
1866,DentalStar
1867,DentalStar
1868,DentalStar
1869,DentalStar
1870,DentalStar
1873,DentalStar
1874,DentalStar
1875,DentalStar
1876,DentalKong
1876,Kong
1877,DentalKong
1877,Kong
1878,DentalKong
1878,Grenade
1879,DentalKong
1879,Grenade
1879,Kong
1880,DentalKong
1880,Grenade
1880,Kong
1881,DentalKong
1881,Grenade
1881,Kong
1882,DentalKong
1982,DentalStar
1983,DentalStar
1984,DentalStar
1985,DentalStar
1986,DentalStar
1987,DentalStar
1988,DentalStar
1991,DentalStar
1992,DentalStar
2064,Grenade
2141,Grenade
2142,Grenade
2143,Grenade
2162,Grenade
2167,Grenade
2168,Grenade
2169,Grenade
2170,Grenade
2207,Grenade
2208,Grenade
2208,Grenade
2209,Grenade
2209,Grenade
2216,Grenade
2232,Grenade
2233,Grenade
2234,Grenade
2236,Grenade
2237,Grenade
2241,Grenade
2242,Grenade
2243,Grenade
2244,Grenade
2245,Grenade
2251,Grenade
2252,Grenade
2253,Grenade
2254,Grenade
2255,Grenade
2256,Grenade
2257,Grenade
2258,Grenade
2259,Grenade
2260,Grenade
2261,Grenade
2292,Grenade
2293,Grenade
2294,Grenade
2305,Grenade
2306,Grenade
2310,Grenade
2311,Grenade
2313,Grenade
2316,Grenade
2317,Grenade
2318,Grenade
2319,Grenade
2320,Grenade
2321,Grenade
2322,Grenade
2324,Grenade
2325,Grenade
2326,Grenade
2340,Grenade
2341,Grenade
2342,Grenade
2343,Grenade
2344,Grenade
2345,Grenade
2346,Grenade
2347,Grenade
2390,Grenade
2431,Grenade
2432,Grenade
2433,Grenade
2478,MegalastBall
2504,Kong
2505,Kong
2510,Kong
2511,Kong
2513,Kong
2514,Kong
2515,Kong
2569,Kong
2571,Kong
2572,MegalastBall
2675,Kong
2784,Zyro
2785,Zyro
2786,Zyro
2793,Zyro
2794,Zyro
2795,Zyro
2795,Grenade
2796,Zyro
2796,Grenade
2797,Zyro
2797,Grenade
2798,Grenade
2799,Zyro
2799,Grenade
2800,Zyro
2800,Grenade
2801,Grenade
2802,Zyro
2802,Grenade
2803,Zyro
2803,Grenade
2804,Zyro
2804,Grenade
2805,Zyro
2805,Grenade
2806,Unknown
2807,Unknown
2850,DentalStar
2873,DentalStar
2874,DentalStar
2895,Grenade
2896,Grenade
2896,Unknown
2934,DentalStar
2953,Zyro
2954,Zyro
2967,DentalStar
2968,DentalStar
3004,LuckyCloverChew
3005,LuckyCloverChew
3014,Dumbbell
3015,Dumbbell
3016,Dumbbell
3017,Dumbbell
3018,Dumbbell
3028,Dumbbell
3031,Dumbbell
3032,LuckyCloverChew
3036,Dumbbell
3039,Dumbbell
3040,Dumbbell
3041,Dumbbell
3042,Dumbbell
3043,Dumbbell
3044,DentalStar
3045,DentalStar
3048,Dumbbell
3049,Dumbbell
3050,Dumbbell
3089,Grenade
3090,Grenade
3101,LuckyCloverChew
3102,LuckyCloverChew
3103,LuckyCloverChew
3104,LuckyCloverChew
3107,LuckyCloverChew
3108,LuckyCloverChew
3241,Dumbbell
3242,Dumbbell
3243,DentalStar
3244,DentalStar
3245,Dumbbell
3245,DentalStar
3306,DentalStar
3537,Kong
3538,Kong
3539,Kong
3565,Ziggs
3569,Ziggs
3570,Ziggs
3571,Ziggs
3580,Ziggs
3581,Ziggs
3679,Kong
3697,Kong
3714,Kong
3724,Kong
3738,Kong
3739,Kong
3740,Kong
3802,Kong
3814,Kong
3969,DentalStar
3970,DentalStar
4042,DentalStar
4042,Dumbbell
4042,Unknown
4055,DentalStar
4055,Kong
4056,DentalStar
4056,Kong
4057,DentalStar
4057,Kong
4118,DentalStar
4119,DentalStar
4120,DentalStar
4123,DentalStar
4124,DentalStar
4201,DentalStar
4201,Hex
4201,S-shapedToy
4202,DentalStar
4202,Hex
4202,S-shapedToy
4203,S-shapedToy
4204,S-shapedToy
4205,S-shapedToy
4206,DentalStar
4206,Hex
4206,S-shapedToy
4207,DentalStar
4207,Hex
4207,S-shapedToy
4208,S-shapedToy
4209,DentalStar
4209,Hex
4209,S-shapedToy
4210,DentalStar
4210,Hex
4210,S-shapedToy
4211,S-shapedToy
4212,DentalStar
4212,Hex
4212,S-shapedToy
4304,BlueFrisbee
4305,BlueFrisbee
4306,BlueFrisbee
4308,BlueFrisbee
4309,BlueFrisbee
4310,BlueFrisbee
4311,BlueFrisbee
4312,BlueFrisbee
4313,BlueFrisbee
4314,BlueFrisbee
4317,BlueFrisbee
4318,BlueFrisbee
4319,BlueFrisbee
4320,BlueFrisbee
4321,BlueFrisbee
4322,BlueFrisbee
4323,BlueFrisbee
4324,BlueFrisbee
4325,BlueFrisbee
4326,BlueFrisbee
4327,BlueFrisbee
4328,BlueFrisbee
4329,BlueFrisbee
4332,BlueFrisbee
4333,BlueFrisbee
4335,BlueFrisbee
4338,BlueFrisbee
4373,Hex
4373,Kong
4374,Hex
4374,Kong
4375,Hex
4375,Kong
4375,DentalStar
4376,Hex
4376,Kong
4376,DentalStar
4377,Hex
4377,Kong
4377,DentalStar
4378,Hex
4378,Kong
4378,DentalStar
4379,Hex
4379,Kong
4379,DentalStar
4382,Hex
4382,Kong
4382,DentalStar
4391,DentalStar
4392,DentalStar
4392,Kong
4393,DentalStar
4393,Kong
4397,DentalStar
4397,Kong
4398,DentalStar
4398,Kong
4409,DentalStar
4409,Kong
4410,DentalStar
4410,Kong
4411,DentalStar
4411,Kong
4414,DentalStar
4415,DentalStar
4416,DentalStar
4431,Hex
4431,Kong
4432,Hex
4432,Kong
4437,DentalStar
4437,BlueFrisbee
4438,DentalStar
4438,BlueFrisbee
4439,DentalStar
4439,BlueFrisbee
4439,Kong
4440,DentalStar
4440,BlueFrisbee
4440,Kong
4441,DentalStar
4441,BlueFrisbee
4441,Kong
4443,DentalStar
4443,BlueFrisbee
4443,Kong
4454,DentalStar
4454,BlueFrisbee
4454,Kong
4455,DentalStar
4455,BlueFrisbee
4455,Kong
4456,DentalStar
4456,BlueFrisbee
4456,Kong
4459,DentalStar
4459,BlueFrisbee
4459,Kong
4463,DentalStar
4463,BlueFrisbee
4463,Kong
4464,DentalStar
4464,BlueFrisbee
4464,Kong
4495,Kong
4496,Kong
4497,Kong
4498,Kong
4504,Kong
4505,Kong
4508,Kong
4509,Kong
4510,Kong
4515,Kong
4523,Kong
4524,Kong
4525,Kong
4527,Kong
4528,Kong
4529,Kong
4850,Hex
4851,Hex
4852,Hex
4853,Hex
4854,Hex
4862,Hex
4876,DentalStar
4877,DentalStar
4878,DentalStar
4879,DentalStar
4891,DentalStar
4915,Hex
4916,Hex
4917,Hex
4951,DentalKong
4952,DentalKong
4953,DentalStar
4966,Hex
4966,DentalStar
4971,Hex
4971,DentalStar
4988,DentalStar
4989,DentalStar
4990,DentalStar
4991,DentalStar
4992,DentalStar
4997,Hex
4997,DentalStar
4998,Hex
4998,DentalStar
4999,Hex
4999,DentalStar
5000,Hex
5000,DentalStar
5002,Kong
5003,Kong
5004,Hex
5004,DentalStar
5005,Hex
5005,DentalStar
5006,Hex
5006,DentalStar
5007,Hex
5007,DentalStar
5008,Hex
5008,DentalStar
5009,Hex
5009,DentalStar
5010,Hex
5011,Hex
5011,DentalStar
5021,Hex
5022,Hex
5023,Hex
5024,DentalKong
5025,DentalKong
5032,Hex
5033,Hex
5034,Hex
5035,Hex
5036,Hex
5037,Hex
5038,Hex
5039,Hex
5042,DentalKong
5090,Dumbbell
5090,Unknown
5091,Hex
5091,Zyro
5091,Dumbbell
5093,Grenade
5152,Grenade
5152,Hex
5153,Grenade
5153,Hex
5154,Grenade
5154,Hex
5155,Grenade
5156,Grenade
5157,Grenade
5158,Grenade
5159,Grenade
5160,Grenade
5161,Grenade
5162,Grenade
5198,Grenade
5203,Grenade
5203,Hex
5204,Grenade
5204,Hex
5212,Grenade
5212,Hex
5213,Hex
5214,Hex
5215,Hex
5216,Hex
5217,Hex
5279,Kong
5280,Kong
5282,Kong
5464,Kong
5465,Kong
5466,Kong
5468,Kong
5469,Kong
5470,Kong
5471,Kong
5474,Kong
5475,Kong
5476,Kong
5477,Kong
5491,Kong
5492,Kong
5501,Kong
5502,Kong
5503,Kong
5521,DentalStar
5522,DentalStar
5522,DentalStar
5531,DentalStar
5531,Hex
5531,LuckyCloverChew
5532,DentalStar
5532,Hex
5532,LuckyCloverChew
5533,DentalStar
5533,Hex
5533,LuckyCloverChew
5534,DentalStar
5534,Hex
5534,LuckyCloverChew
5548,DentalStar
5548,Zyro
5548,Unknown
5549,DentalStar
5549,Zyro
5549,Hex
5549,Unknown
5549,Unknown
5550,DentalStar
5550,Zyro
5550,Hex
5550,Unknown
5550,Unknown
5551,DentalStar
5551,Zyro
5551,Hex
5551,Unknown
5551,Unknown
5592,DentalStar
5592,Zyro
5592,Kong
5592,Unknown
5593,DentalStar
5593,Zyro
5593,Kong
5593,Unknown
5594,Zyro
5594,Kong
5594,Unknown
5595,Zyro
5595,Kong
5595,Unknown
5596,Zyro
5596,Kong
5596,Unknown
5603,S-shapedToy
5604,S-shapedToy
5605,S-shapedToy
5606,S-shapedToy
5607,S-shapedToy
5608,S-shapedToy
5609,S-shapedToy
5610,S-shapedToy
5611,S-shapedToy
5623,S-shapedToy
5624,S-shapedToy
5625,S-shapedToy
5626,S-shapedToy
5627,S-shapedToy
5674,Kong
5675,Kong
5676,Kong
5677,Kong
5927,Hex
5928,Hex
5937,Hex
5938,Hex
5939,Hex
5940,Hex
5941,Hex
5942,Hex
5975,Hex
5999,Hex
5999,DentalStar
6035,DentalStar
6035,Kong
6036,Kong
6037,Kong
6053,Hex
6080,Hex
6080,Kong
6081,Hex
6081,Kong
6222,Ziggs
6320,Ziggs
6321,Ziggs
6322,Ziggs
6330,Grenade
6331,Grenade
6332,Grenade
6336,Grenade
6341,Ziggs
6345,Ziggs
6346,Ziggs
6347,Ziggs
6349,Ziggs
6384,Hex
6385,Hex
6386,Hex
6387,Hex
6391,LuckyCloverChew
6392,LuckyCloverChew
6393,LuckyCloverChew
6394,LuckyCloverChew
6395,LuckyCloverChew
6396,LuckyCloverChew
6397,LuckyCloverChew
6398,LuckyCloverChew
6399,LuckyCloverChew
6400,LuckyCloverChew
6403,LuckyCloverChew
6404,LuckyCloverChew
6405,LuckyCloverChew
6406,DentalKong
6407,DentalKong
6408,DentalKong
6409,LuckyCloverChew
6410,DentalKong
6416,DentalKong
6445,LuckyCloverChew
6446,LuckyCloverChew
6447,LuckyCloverChew
6451,Kong
6452,DentalKong
6459,Kong
6460,Kong
6462,Kong
6463,Kong
6464,Kong
6471,Hex
6472,Hex
6476,DentalStar
6477,DentalStar
6490,Hex
6528,ChallengerBall
6529,ChallengerBall
6530,ChallengerBall
6531,ChallengerBall
6532,ChallengerBall
6533,ChallengerBall
6533,ChallengerBall
6534,ChallengerBall
6535,ChallengerBall
6539,ChallengerBall
6540,ChallengerBall
6541,ChallengerBall
6543,ChallengerBall
6563,DentalStar
6569,DentalStar
6570,DentalStar
6571,DentalStar
6572,DentalStar
6582,Kong
6583,Kong
6584,Kong
6585,Kong
6591,DentalStar
6592,DentalStar
6642,ChallengerBall
6643,ChallengerBall
6647,ChallengerBall
6648,ChallengerBall
6649,ChallengerBall
6650,ChallengerBall
6651,ChallengerBall
6652,ChallengerBall
6653,ChallengerBall
6654,ChallengerBall
6695,Kong
6696,Kong
6697,Kong
